{
    "loc_id":"someid",
    "geo_points":[(19.0215936,72.8685476)],
    "system_state": "active/down",
    "slot_details" : {
        "1" : [[251,291],[277,251],[320,255],[305,294]],
        "2" : [[184,293],[213,253],[256,256],[237,292]],
        "3" : [[184,293],[213,253],[256,256],[237,292]],
        "4" : [[184,293],[213,253],[256,256],[237,292]],
    }
}